dummy,smallest,modal,largest
RAS,0.425506805,0.595709528,0.833993339
MAR,0.425506805,0.595709528,0.833993339