dummy,dummy,scr
RWO,PC,0.0200641155285507
CHA,PC,0.0201531648401507
EGY,PC,0.0201531648401507
IND,PC,0.0201531648401507
MAR,PC,0.0201531648401507
USA,PC,0.0418811968705786
