dummy,BASE,SHR_NSE,SH_HPELC
SE,1.8266,0.9,0.00001
HOU,11.511,0.9,0.00001
AG,0.2078,0.9,0.00001
