dummy,dummy,BASE,SHR_NSE,SH_HPELC
RAS,SE,1.8266,0.9,0.00001
RAS,HOU,11.511,0.9,0.00001
RAS,AG,0.2078,0.9,0.00001
MAR,SE,1.288304,0.9,0.00001
MAR,HOU,4.0055,0.9,0.00001
MAR,AG,1.2228,0.9,0.00001
